{"cameraMode":{"drawMode":0,"name":"Shaded","section":"Shading Mode"},"sceneLighting":false,"audioPlay":false,"sceneViewState":{"showFog":true,"showMaterialUpdate":false,"showSkybox":false,"showFlares":true,"showImageEffects":true,"showParticleSystems":true},"in2DMode":false,"pivot":{"x":-0.011545196175575257,"y":0.451590895652771,"z":0.19394588470458985},"rotation":{"x":-0.06701117008924484,"y":0.8027893304824829,"z":-0.09192105382680893,"w":-0.5853270292282105},"size":1.272718906402588,"orthographic":false}